Workbook

Sheet Tableau de bord
B2: COSITI — SUIVI DES ADHÉSIONS ET DES COTISATIONS
B3: Coopérative du Secteur Informel et des Travailleurs Indépendants
B4: Tableau de bord — se met à jour automatiquement à partir des feuilles "Adhérents" et "Paiements"
B6: Nombre d'adhérents enregistrés | D6: =COUNTIF(Adhérents!B3:B202,"?*") -> 172
B7: Adhérents ayant au moins une cotisation | D7: =COUNTIFS(Adhérents!B3:B202,"?*",Adhérents!G3:G202,">0") -> 57
B8: Adhérents sans cotisation enregistrée | D8: =D6-D7 -> 115
B9: Adhérents à déclarer à la CNPS | D9: =COUNTIF(Adhérents!H3:H202,"À déclarer") -> 29
B10: % adhérents sans cotisation | D10: =IFERROR(D8/D6,0) -> 0.66860465
B12: Recettes d'inscription | D12: =SUM(Adhérents!F3:F202) -> 172000
B13: Total des cotisations perçues | D13: =SUM(Paiements!C3:C506) -> 1305700
B15: TOTAL GÉNÉRAL (inscriptions + cotisations) | D15: =D12+D13 -> 1477700
B18: Cumul des cotisations des adhérents à déclarer CNPS | D18: =SUMIF(Adhérents!H3:H202,"À déclarer",Adhérents!G3:G202) -> 1160000
B20: Seuil de déclaration CNPS en vigueur (paramètre) | D20: =Paramètres!C5 -> 15000
B23: Pour ajouter, modifier ou supprimer un adhérent ou une cotisation : voir l'onglet "Mode d'emploi".

Sheet Paramètres
B2: PARAMÈTRES GÉNÉRAUX
B4: Montant de l'inscription | C4: 1000 | D4: Utilisé automatiquement dans la feuille "Adhérents". Modifiez cette cellule pour changer le montant partout.
B5: Seuil de déclaration CNPS | C5: 15000 | D5: Cumul de cotisation à partir duquel un adhérent doit être déclaré à la CNPS. Estimé à partir des données transmises (dernier cas non déclaré : 16 500 F ; premier cas déclaré : 17 700 F) — à corriger si un seuil réglementaire précis est disponible.
B7: LÉGENDE DES COULEURS
C8: Cellule à saisir ou modifier (donnée d'entrée)
C9: Cellule calculée automatiquement — ne pas modifier
C10: Alerte : adhérent à déclarer à la CNPS

Sheet Adhérents
A1: ADHÉRENTS — LISTE ET COTISATIONS CUMULÉES
A2: N° | B2: Nom de l'adhérent | C2: Contact (optionnel) | D2: Date d'inscription | E2: Inscription payée (Oui/Non) | F2: Montant inscription | G2: Cotisation cumulée | H2: Statut CNPS | I2: Date déclaration CNPS
A3: =IF(B3="","",ROW()-2) -> 1 | B3: NCHARE ISSOFA | C3: 699897937 | D3: 24/07/2026 | E3: Oui | F3: =IF(E3="Oui",Paramètres!$C$4,0) -> 1000 | G3: =IF(B3="","",SUMIF(Paiements!$B$3:$B$506,B3,Paiements!$C$3:$C$506)) -> 42000 | H3: =IF(B3="","",IF(G3>=Paramètres!$C$5,"À déclarer","—")) -> À déclarer | I3: 46231
A4: =IF(B4="","",ROW()-2) -> 2 | B4: SOUAÏBOU OUSMAILA | C4: 697875141 | D4: 24/07/2026 | E4: Oui | F4: =IF(E4="Oui",Paramètres!$C$4,0) -> 1000 | G4: =IF(B4="","",SUMIF(Paiements!$B$3:$B$506,B4,Paiements!$C$3:$C$506)) -> 49300 | H4: =IF(B4="","",IF(G4>=Paramètres!$C$5,"À déclarer","—")) -> À déclarer | I4: 46219
A5: =IF(B5="","",ROW()-2) -> 3 | B5: YOUGOUTA | D5: 24/07/2026 | E5: Oui | F5: =IF(E5="Oui",Paramètres!$C$4,0) -> 1000 | G5: =IF(B5="","",SUMIF(Paiements!$B$3:$B$506,B5,Paiements!$C$3:$C$506)) -> 4900 | H5: =IF(B5="","",IF(G5>=Paramètres!$C$5,"À déclarer","—")) -> —
A6: =IF(B6="","",ROW()-2) -> 4 | B6: KUETCHE | C6: 655007836 | D6: 24/07/2026 | E6: Oui | F6: =IF(E6="Oui",Paramètres!$C$4,0) -> 1000 | G6: =IF(B6="","",SUMIF(Paiements!$B$3:$B$506,B6,Paiements!$C$3:$C$506)) -> 106000 | H6: =IF(B6="","",IF(G6>=Paramètres!$C$5,"À déclarer","—")) -> À déclarer | I6: 46231
A7: =IF(B7="","",ROW()-2) -> 5 | B7: BOUBA YOUNOUSSA | C7: 655005983 | D7: 24/07/2026 | E7: Oui | F7: =IF(E7="Oui",Paramètres!$C$4,0) -> 1000 | G7: =IF(B7="","",SUMIF(Paiements!$B$3:$B$506,B7,Paiements!$C$3:$C$506)) -> 17700 | H7: =IF(B7="","",IF(G7>=Paramètres!$C$5,"À déclarer","—")) -> À déclarer | I7: 46231
A8: =IF(B8="","",ROW()-2) -> 6 | B8: KAMENI DENGA | C8: 699433680 | D8: 24/07/2026 | E8: Oui | F8: =IF(E8="Oui",Paramètres!$C$4,0) -> 1000 | G8: =IF(B8="","",SUMIF(Paiements!$B$3:$B$506,B8,Paiements!$C$3:$C$506)) -> 24400 | H8: =IF(B8="","",IF(G8>=Paramètres!$C$5,"À déclarer","—")) -> À déclarer | I8: 46231
A9: =IF(B9="","",ROW()-2) -> 7 | B9: MOHAMED MAMOUDOU | C9: 681506550 | D9: 24/07/2026 | E9: Oui | F9: =IF(E9="Oui",Paramètres!$C$4,0) -> 1000 | G9: =IF(B9="","",SUMIF(Paiements!$B$3:$B$506,B9,Paiements!$C$3:$C$506)) -> 48000 | H9: =IF(B9="","",IF(G9>=Paramètres!$C$5,"À déclarer","—")) -> À déclarer | I9: 46231
A10: =IF(B10="","",ROW()-2) -> 8 | B10: DEZO TELIABOU | D10: 24/07/2026 | E10: Oui | F10: =IF(E10="Oui",Paramètres!$C$4,0) -> 1000 | G10: =IF(B10="","",SUMIF(Paiements!$B$3:$B$506,B10,Paiements!$C$3:$C$506)) -> 4900 | H10: =IF(B10="","",IF(G10>=Paramètres!$C$5,"À déclarer","—")) -> —
A11: =IF(B11="","",ROW()-2) -> 9 | B11: GONDJI MAMADOU | C11: 698099956 | D11: 24/07/2026 | E11: Oui | F11: =IF(E11="Oui",Paramètres!$C$4,0) -> 1000 | G11: =IF(B11="","",SUMIF(Paiements!$B$3:$B$506,B11,Paiements!$C$3:$C$506)) -> 6000 | H11: =IF(B11="","",IF(G11>=Paramètres!$C$5,"À déclarer","—")) -> —
A12: =IF(B12="","",ROW()-2) -> 10 | B12: CHO RUBEN | C12: 651486286 | D12: 24/07/2026 | E12: Oui | F12: =IF(E12="Oui",Paramètres!$C$4,0) -> 1000 | G12: =IF(B12="","",SUMIF(Paiements!$B$3:$B$506,B12,Paiements!$C$3:$C$506)) -> 18000 | H12: =IF(B12="","",IF(G12>=Paramètres!$C$5,"À déclarer","—")) -> À déclarer
A13: =IF(B13="","",ROW()-2) -> 11 | B13: BIKIE MARGUERITE | C13: 675513127 | D13: 24/07/2026 | E13: Oui | F13: =IF(E13="Oui",Paramètres!$C$4,0) -> 1000 | G13: =IF(B13="","",SUMIF(Paiements!$B$3:$B$506,B13,Paiements!$C$3:$C$506)) -> 7700 | H13: =IF(B13="","",IF(G13>=Paramètres!$C$5,"À déclarer","—")) -> —
A14: =IF(B14="","",ROW()-2) -> 12 | B14: MBESSOLOKO NADEGE | D14: 24/07/2026 | E14: Oui | F14: =IF(E14="Oui",Paramètres!$C$4,0) -> 1000 | G14: =IF(B14="","",SUMIF(Paiements!$B$3:$B$506,B14,Paiements!$C$3:$C$506)) -> 0 | H14: =IF(B14="","",IF(G14>=Paramètres!$C$5,"À déclarer","—")) -> —
A15: =IF(B15="","",ROW()-2) -> 13 | B15: LEGNYUY MONTONG | C15: 673170372 | D15: 24/07/2026 | E15: Oui | F15: =IF(E15="Oui",Paramètres!$C$4,0) -> 1000 | G15: =IF(B15="","",SUMIF(Paiements!$B$3:$B$506,B15,Paiements!$C$3:$C$506)) -> 63000 | H15: =IF(B15="","",IF(G15>=Paramètres!$C$5,"À déclarer","—")) -> À déclarer | I15: 46231
A16: =IF(B16="","",ROW()-2) -> 14 | B16: FOSSO COLETTE | D16: 24/07/2026 | E16: Oui | F16: =IF(E16="Oui",Paramètres!$C$4,0) -> 1000 | G16: =IF(B16="","",SUMIF(Paiements!$B$3:$B$506,B16,Paiements!$C$3:$C$506)) -> 700 | H16: =IF(B16="","",IF(G16>=Paramètres!$C$5,"À déclarer","—")) -> —
A17: =IF(B17="","",ROW()-2) -> 15 | B17: MATEKEM TAKAM | D17: 24/07/2026 | E17: Oui | F17: =IF(E17="Oui",Paramètres!$C$4,0) -> 1000 | G17: =IF(B17="","",SUMIF(Paiements!$B$3:$B$506,B17,Paiements!$C$3:$C$506)) -> 7700 | H17: =IF(B17="","",IF(G17>=Paramètres!$C$5,"À déclarer","—")) -> —
A18: =IF(B18="","",ROW()-2) -> 16 | B18: BEFOLO RAISSA | D18: 24/07/2026 | E18: Oui | F18: =IF(E18="Oui",Paramètres!$C$4,0) -> 1000 | G18: =IF(B18="","",SUMIF(Paiements!$B$3:$B$506,B18,Paiements!$C$3:$C$506)) -> 60000 | H18: =IF(B18="","",IF(G18>=Paramètres!$C$5,"À déclarer","—")) -> À déclarer | I18: 46233
A19: =IF(B19="","",ROW()-2) -> 17 | B19: MAMIAFO CLEMENCE | D19: 24/07/2026 | E19: Oui | F19: =IF(E19="Oui",Paramètres!$C$4,0) -> 1000 | G19: =IF(B19="","",SUMIF(Paiements!$B$3:$B$506,B19,Paiements!$C$3:$C$506)) -> 63000 | H19: =IF(B19="","",IF(G19>=Paramètres!$C$5,"À déclarer","—")) -> À déclarer | I19: 46237
A20: =IF(B20="","",ROW()-2) -> 18 | B20: NGON MBASSA | C20: 697359841 | D20: 24/07/2026 | E20: Oui | F20: =IF(E20="Oui",Paramètres!$C$4,0) -> 1000 | G20: =IF(B20="","",SUMIF(Paiements!$B$3:$B$506,B20,Paiements!$C$3:$C$506)) -> 14900 | H20: =IF(B20="","",IF(G20>=Paramètres!$C$5,"À déclarer","—")) -> —
A21: =IF(B21="","",ROW()-2) -> 19 | B21: ZANG ZANG LUC | C21: 697015774 | D21: 24/07/2026 | E21: Oui | F21: =IF(E21="Oui",Paramètres!$C$4,0) -> 1000 | G21: =IF(B21="","",SUMIF(Paiements!$B$3:$B$506,B21,Paiements!$C$3:$C$506)) -> 24000 | H21: =IF(B21="","",IF(G21>=Paramètres!$C$5,"À déclarer","—")) -> À déclarer
A22: =IF(B22="","",ROW()-2) -> 20 | B22: DIKIDALA | C22: 686550099 | D22: 24/07/2026 | E22: Oui | F22: =IF(E22="Oui",Paramètres!$C$4,0) -> 1000 | G22: =IF(B22="","",SUMIF(Paiements!$B$3:$B$506,B22,Paiements!$C$3:$C$506)) -> 5000 | H22: =IF(B22="","",IF(G22>=Paramètres!$C$5,"À déclarer","—")) -> —
A23: =IF(B23="","",ROW()-2) -> 21 | B23: TOUKSI TSEME LEOPOLD | C23: 655710741 | D23: 24/07/2026 | E23: Oui | F23: =IF(E23="Oui",Paramètres!$C$4,0) -> 1000 | G23: =IF(B23="","",SUMIF(Paiements!$B$3:$B$506,B23,Paiements!$C$3:$C$506)) -> 69000 | H23: =IF(B23="","",IF(G23>=Paramètres!$C$5,"À déclarer","—")) -> À déclarer | I23: 46231
A24: =IF(B24="","",ROW()-2) -> 22 | B24: SIPOWA CYRIEN | C24: 697074556 | D24: 24/07/2026 | E24: Oui | F24: =IF(E24="Oui",Paramètres!$C$4,0) -> 1000 | G24: =IF(B24="","",SUMIF(Paiements!$B$3:$B$506,B24,Paiements!$C$3:$C$506)) -> 13000 | H24: =IF(B24="","",IF(G24>=Paramètres!$C$5,"À déclarer","—")) -> —
A25: =IF(B25="","",ROW()-2) -> 23 | B25: MBENTY OLAMA L. | D25: 24/07/2026 | E25: Oui | F25: =IF(E25="Oui",Paramètres!$C$4,0) -> 1000 | G25: =IF(B25="","",SUMIF(Paiements!$B$3:$B$506,B25,Paiements!$C$3:$C$506)) -> 1000 | H25: =IF(B25="","",IF(G25>=Paramètres!$C$5,"À déclarer","—")) -> —
A26: =IF(B26="","",ROW()-2) -> 24 | B26: EDAMA MENGUE CLAUDE | D26: 24/07/2026 | E26: Oui | F26: =IF(E26="Oui",Paramètres!$C$4,0) -> 1000 | G26: =IF(B26="","",SUMIF(Paiements!$B$3:$B$506,B26,Paiements!$C$3:$C$506)) -> 1000 | H26: =IF(B26="","",IF(G26>=Paramètres!$C$5,"À déclarer","—")) -> —
A27: =IF(B27="","",ROW()-2) -> 25 | B27: NOMO JACQUES | D27: 24/07/2026 | E27: Oui | F27: =IF(E27="Oui",Paramètres!$C$4,0) -> 1000 | G27: =IF(B27="","",SUMIF(Paiements!$B$3:$B$506,B27,Paiements!$C$3:$C$506)) -> 51000 | H27: =IF(B27="","",IF(G27>=Paramètres!$C$5,"À déclarer","—")) -> À déclarer | I27: 46231
A28: =IF(B28="","",ROW()-2) -> 26 | B28: NDI THERESE | C28: 694381643 | D28: 24/07/2026 | E28: Oui | F28: =IF(E28="Oui",Paramètres!$C$4,0) -> 1000 | G28: =IF(B28="","",SUMIF(Paiements!$B$3:$B$506,B28,Paiements!$C$3:$C$506)) -> 1000 | H28: =IF(B28="","",IF(G28>=Paramètres!$C$5,"À déclarer","—")) -> —
A29: =IF(B29="","",ROW()-2) -> 27 | B29: NGONDI BRIGITTE | D29: 24/07/2026 | E29: Oui | F29: =IF(E29="Oui",Paramètres!$C$4,0) -> 1000 | G29: =IF(B29="","",SUMIF(Paiements!$B$3:$B$506,B29,Paiements!$C$3:$C$506)) -> 4500 | H29: =IF(B29="","",IF(G29>=Paramètres!$C$5,"À déclarer","—")) -> —
A30: =IF(B30="","",ROW()-2) -> 28 | B30: KOUNOU MBEGA | D30: 24/07/2026 | E30: Oui | F30: =IF(E30="Oui",Paramètres!$C$4,0) -> 1000 | G30: =IF(B30="","",SUMIF(Paiements!$B$3:$B$506,B30,Paiements!$C$3:$C$506)) -> 1000 | H30: =IF(B30="","",IF(G30>=Paramètres!$C$5,"À déclarer","—")) -> —
A31: =IF(B31="","",ROW()-2) -> 29 | B31: OWONA EKOUDI MONIQUE | C31: 679731587 | D31: 24/07/2026 | E31: Oui | F31: =IF(E31="Oui",Paramètres!$C$4,0) -> 1000 | G31: =IF(B31="","",SUMIF(Paiements!$B$3:$B$506,B31,Paiements!$C$3:$C$506)) -> 18000 | H31: =IF(B31="","",IF(G31>=Paramètres!$C$5,"À déclarer","—")) -> À déclarer
A32: =IF(B32="","",ROW()-2) -> 30 | B32: TINA TONTON AUGUSTE | D32: 24/07/2026 | E32: Oui | F32: =IF(E32="Oui",Paramètres!$C$4,0) -> 1000 | G32: =IF(B32="","",SUMIF(Paiements!$B$3:$B$506,B32,Paiements!$C$3:$C$506)) -> 66300 | H32: =IF(B32="","",IF(G32>=Paramètres!$C$5,"À déclarer","—")) -> À déclarer | I32: 46233
A33: =IF(B33="","",ROW()-2) -> 31 | B33: ESSOLA AHANDA | D33: 24/07/2026 | E33: Oui | F33: =IF(E33="Oui",Paramètres!$C$4,0) -> 1000 | G33: =IF(B33="","",SUMIF(Paiements!$B$3:$B$506,B33,Paiements!$C$3:$C$506)) -> 16500 | H33: =IF(B33="","",IF(G33>=Paramètres!$C$5,"À déclarer","—")) -> À déclarer | I33: 46219
A34: =IF(B34="","",ROW()-2) -> 32 | B34: MESSEGO MEGANE C. | C34: 698768267 | D34: 24/07/2026 | E34: Oui | F34: =IF(E34="Oui",Paramètres!$C$4,0) -> 1000 | G34: =IF(B34="","",SUMIF(Paiements!$B$3:$B$506,B34,Paiements!$C$3:$C$506)) -> 42000 | H34: =IF(B34="","",IF(G34>=Paramètres!$C$5,"À déclarer","—")) -> À déclarer | I34: 46230
A35: =IF(B35="","",ROW()-2) -> 33 | B35: TIODJOU VANESSA | C35: 671679343 | D35: 24/07/2026 | E35: Oui | F35: =IF(E35="Oui",Paramètres!$C$4,0) -> 1000 | G35: =IF(B35="","",SUMIF(Paiements!$B$3:$B$506,B35,Paiements!$C$3:$C$506)) -> 42000 | H35: =IF(B35="","",IF(G35>=Paramètres!$C$5,"À déclarer","—")) -> À déclarer | I35: 46226
A36: 34 | B36: MAGNE FOPOSSI | D36: 24/07/2026 | E36: Oui | F36: =IF(E36="Oui",Paramètres!$C$4,0) -> 1000 | G36: =IF(B36="","",SUMIF(Paiements!$B$3:$B$506,B36,Paiements!$C$3:$C$506)) -> 1400 | H36: =IF(B36="","",IF(G36>=Paramètres!$C$5,"À déclarer","—")) -> —
A37: =IF(B37="","",ROW()-2) -> 35 | B37: TEUNYA MBATKAM | C37: 699872831 | D37: 24/07/2026 | E37: Oui | F37: =IF(E37="Oui",Paramètres!$C$4,0) -> 1000 | G37: =IF(B37="","",SUMIF(Paiements!$B$3:$B$506,B37,Paiements!$C$3:$C$506)) -> 40900 | H37: =IF(B37="","",IF(G37>=Paramètres!$C$5,"À déclarer","—")) -> À déclarer | I37: 46231
A38: =IF(B38="","",ROW()-2) -> 36 | B38: MBARGA JOSEPH | D38: 24/07/2026 | E38: Oui | F38: =IF(E38="Oui",Paramètres!$C$4,0) -> 1000 | G38: =IF(B38="","",SUMIF(Paiements!$B$3:$B$506,B38,Paiements!$C$3:$C$506)) -> 23400 | H38: =IF(B38="","",IF(G38>=Paramètres!$C$5,"À déclarer","—")) -> À déclarer | I38: 46231
A39: =IF(B39="","",ROW()-2) -> 37 | B39: MONABANG | D39: 24/07/2026 | E39: Oui | F39: =IF(E39="Oui",Paramètres!$C$4,0) -> 1000 | G39: =IF(B39="","",SUMIF(Paiements!$B$3:$B$506,B39,Paiements!$C$3:$C$506)) -> 32500 | H39: =IF(B39="","",IF(G39>=Paramètres!$C$5,"À déclarer","—")) -> À déclarer | I39: 46231
A40: 38 | B40: TCHAPHOU MAGLOIRE | D40: 24/07/2026 | E40: Oui | F40: =IF(E40="Oui",Paramètres!$C$4,0) -> 1000 | G40: =IF(B40="","",SUMIF(Paiements!$B$3:$B$506,B40,Paiements!$C$3:$C$506)) -> 1000 | H40: =IF(B40="","",IF(G40>=Paramètres!$C$5,"À déclarer","—")) -> —
A41: =IF(B41="","",ROW()-2) -> 39 | B41: YAKANA | C41: 653623642 | D41: 24/07/2026 | E41: Oui | F41: =IF(E41="Oui",Paramètres!$C$4,0) -> 1000 | G41: =IF(B41="","",SUMIF(Paiements!$B$3:$B$506,B41,Paiements!$C$3:$C$506)) -> 41000 | H41: =IF(B41="","",IF(G41>=Paramètres!$C$5,"À déclarer","—")) -> À déclarer | I41: 46231
A42: =IF(B42="","",ROW()-2) -> 40 | B42: PEYOU ABDOUL | D42: 46181 | E42: Oui | F42: =IF(E42="Oui",Paramètres!$C$4,0) -> 1000 | G42: =IF(B42="","",SUMIF(Paiements!$B$3:$B$506,B42,Paiements!$C$3:$C$506)) -> 0 | H42: =IF(B42="","",IF(G42>=Paramètres!$C$5,"À déclarer","—")) -> —
A43: 41 | B43: SALY DJIBI | D43: 46181 | E43: Oui | F43: =IF(E43="Oui",Paramètres!$C$4,0) -> 1000 | G43: =IF(B43="","",SUMIF(Paiements!$B$3:$B$506,B43,Paiements!$C$3:$C$506)) -> 0 | H43: =IF(B43="","",IF(G43>=Paramètres!$C$5,"À déclarer","—")) -> —
A44: =IF(B44="","",ROW()-2) -> 42 | B44: EBASSA BIDJOMO | D44: 46181 | E44: Oui | F44: =IF(E44="Oui",Paramètres!$C$4,0) -> 1000 | G44: =IF(B44="","",SUMIF(Paiements!$B$3:$B$506,B44,Paiements!$C$3:$C$506)) -> 0 | H44: =IF(B44="","",IF(G44>=Paramètres!$C$5,"À déclarer","—")) -> —
A45: =IF(B45="","",ROW()-2) -> 43 | B45: NSANGOU | D45: 46181 | E45: Oui | F45: =IF(E45="Oui",Paramètres!$C$4,0) -> 1000 | G45: =IF(B45="","",SUMIF(Paiements!$B$3:$B$506,B45,Paiements!$C$3:$C$506)) -> 0 | H45: =IF(B45="","",IF(G45>=Paramètres!$C$5,"À déclarer","—")) -> —
A46: =IF(B46="","",ROW()-2) -> 44 | B46: ESSOMBA RICHARD | D46: 46182 | E46: Oui | F46: =IF(E46="Oui",Paramètres!$C$4,0) -> 1000 | G46: =IF(B46="","",SUMIF(Paiements!$B$3:$B$506,B46,Paiements!$C$3:$C$506)) -> 0 | H46: =IF(B46="","",IF(G46>=Paramètres!$C$5,"À déclarer","—")) -> —
A47: =IF(B47="","",ROW()-2) -> 45 | B47: AFAM NEMBOT ELISEE | D47: 46182 | E47: Oui | F47: =IF(E47="Oui",Paramètres!$C$4,0) -> 1000 | G47: =IF(B47="","",SUMIF(Paiements!$B$3:$B$506,B47,Paiements!$C$3:$C$506)) -> 0 | H47: =IF(B47="","",IF(G47>=Paramètres!$C$5,"À déclarer","—")) -> —
A48: =IF(B48="","",ROW()-2) -> 46 | B48: NGAN NYOBE | D48: 46182 | E48: Oui | F48: =IF(E48="Oui",Paramètres!$C$4,0) -> 1000 | G48: =IF(B48="","",SUMIF(Paiements!$B$3:$B$506,B48,Paiements!$C$3:$C$506)) -> 0 | H48: =IF(B48="","",IF(G48>=Paramètres!$C$5,"À déclarer","—")) -> —
A49: =IF(B49="","",ROW()-2) -> 47 | B49: MAHOP MAHOP | D49: 46183 | E49: Oui | F49: =IF(E49="Oui",Paramètres!$C$4,0) -> 1000 | G49: =IF(B49="","",SUMIF(Paiements!$B$3:$B$506,B49,Paiements!$C$3:$C$506)) -> 0 | H49: =IF(B49="","",IF(G49>=Paramètres!$C$5,"À déclarer","—")) -> —
A50: =IF(B50="","",ROW()-2) -> 48 | B50: BADA ARSENE | D50: 46183 | E50: Oui | F50: =IF(E50="Oui",Paramètres!$C$4,0) -> 1000 | G50: =IF(B50="","",SUMIF(Paiements!$B$3:$B$506,B50,Paiements!$C$3:$C$506)) -> 0 | H50: =IF(B50="","",IF(G50>=Paramètres!$C$5,"À déclarer","—")) -> —
A51: 49 | B51: ATIKI BLAI NESTOR | D51: 46183 | E51: Oui | F51: =IF(E51="Oui",Paramètres!$C$4,0) -> 1000 | G51: =IF(B51="","",SUMIF(Paiements!$B$3:$B$506,B51,Paiements!$C$3:$C$506)) -> 0 | H51: =IF(B51="","",IF(G51>=Paramètres!$C$5,"À déclarer","—")) -> —
A52: =IF(B52="","",ROW()-2) -> 50 | B52: TATIKOU ARMAND | D52: 46183 | E52: Oui | F52: =IF(E52="Oui",Paramètres!$C$4,0) -> 1000 | G52: =IF(B52="","",SUMIF(Paiements!$B$3:$B$506,B52,Paiements!$C$3:$C$506)) -> 0 | H52: =IF(B52="","",IF(G52>=Paramètres!$C$5,"À déclarer","—")) -> —
A53: =IF(B53="","",ROW()-2) -> 51 | B53: MANGA ZOU CLEMENTINE | D53: 10/06/20236 | E53: Oui | F53: =IF(E53="Oui",Paramètres!$C$4,0) -> 1000 | G53: =IF(B53="","",SUMIF(Paiements!$B$3:$B$506,B53,Paiements!$C$3:$C$506)) -> 0 | H53: =IF(B53="","",IF(G53>=Paramètres!$C$5,"À déclarer","—")) -> —
A54: =IF(B54="","",ROW()-2) -> 52 | B54: BOLE JONATHAN | D54: 46183 | E54: Oui | F54: =IF(E54="Oui",Paramètres!$C$4,0) -> 1000 | G54: =IF(B54="","",SUMIF(Paiements!$B$3:$B$506,B54,Paiements!$C$3:$C$506)) -> 0 | H54: =IF(B54="","",IF(G54>=Paramètres!$C$5,"À déclarer","—")) -> —
A55: =IF(B55="","",ROW()-2) -> 53 | B55: TEHNA SALOMON | D55: 46183 | E55: Oui | F55: =IF(E55="Oui",Paramètres!$C$4,0) -> 1000 | G55: =IF(B55="","",SUMIF(Paiements!$B$3:$B$506,B55,Paiements!$C$3:$C$506)) -> 0 | H55: =IF(B55="","",IF(G55>=Paramètres!$C$5,"À déclarer","—")) -> —
A56: =IF(B56="","",ROW()-2) -> 54 | B56: NGO GWUET REGINE | D56: 46184 | E56: Oui | F56: =IF(E56="Oui",Paramètres!$C$4,0) -> 1000 | G56: =IF(B56="","",SUMIF(Paiements!$B$3:$B$506,B56,Paiements!$C$3:$C$506)) -> 0 | H56: =IF(B56="","",IF(G56>=Paramètres!$C$5,"À déclarer","—")) -> —
A57: =IF(B57="","",ROW()-2) -> 55 | B57: MAKODJO EPSE RAMSY | D57: 46184 | E57: Oui | F57: =IF(E57="Oui",Paramètres!$C$4,0) -> 1000 | G57: =IF(B57="","",SUMIF(Paiements!$B$3:$B$506,B57,Paiements!$C$3:$C$506)) -> 0 | H57: =IF(B57="","",IF(G57>=Paramètres!$C$5,"À déclarer","—")) -> —
A58: =IF(B58="","",ROW()-2) -> 56 | B58: BODO BOYOMO | D58: 46184 | E58: Oui | F58: =IF(E58="Oui",Paramètres!$C$4,0) -> 1000 | G58: =IF(B58="","",SUMIF(Paiements!$B$3:$B$506,B58,Paiements!$C$3:$C$506)) -> 0 | H58: =IF(B58="","",IF(G58>=Paramètres!$C$5,"À déclarer","—")) -> —
A59: =IF(B59="","",ROW()-2) -> 57 | B59: FEUZEU NGOUSSOU | D59: 46184 | E59: Oui | F59: =IF(E59="Oui",Paramètres!$C$4,0) -> 1000 | G59: =IF(B59="","",SUMIF(Paiements!$B$3:$B$506,B59,Paiements!$C$3:$C$506)) -> 0 | H59: =IF(B59="","",IF(G59>=Paramètres!$C$5,"À déclarer","—")) -> —
A60: =IF(B60="","",ROW()-2) -> 58 | B60: NONHON | D60: 46184 | E60: Oui | F60: =IF(E60="Oui",Paramètres!$C$4,0) -> 1000 | G60: =IF(B60="","",SUMIF(Paiements!$B$3:$B$506,B60,Paiements!$C$3:$C$506)) -> 0 | H60: =IF(B60="","",IF(G60>=Paramètres!$C$5,"À déclarer","—")) -> —
A61: 59 | B61: FONE MAMA | D61: 46184 | E61: Oui | F61: =IF(E61="Oui",Paramètres!$C$4,0) -> 1000 | G61: =IF(B61="","",SUMIF(Paiements!$B$3:$B$506,B61,Paiements!$C$3:$C$506)) -> 0 | H61: =IF(B61="","",IF(G61>=Paramètres!$C$5,"À déclarer","—")) -> —
A62: =IF(B62="","",ROW()-2) -> 60 | B62: NGO MATJEL KONA | D62: 46185 | E62: Oui | F62: =IF(E62="Oui",Paramètres!$C$4,0) -> 1000 | G62: =IF(B62="","",SUMIF(Paiements!$B$3:$B$506,B62,Paiements!$C$3:$C$506)) -> 0 | H62: =IF(B62="","",IF(G62>=Paramètres!$C$5,"À déclarer","—")) -> —
A63: =IF(B63="","",ROW()-2) -> 61 | B63: NDZIE NKOUDA EMILIENNE | D63: 46185 | E63: Oui | F63: =IF(E63="Oui",Paramètres!$C$4,0) -> 1000 | G63: =IF(B63="","",SUMIF(Paiements!$B$3:$B$506,B63,Paiements!$C$3:$C$506)) -> 0 | H63: =IF(B63="","",IF(G63>=Paramètres!$C$5,"À déclarer","—")) -> —
A64: =IF(B64="","",ROW()-2) -> 62 | B64: NTSAMA NKOUDA DESIRE | D64: 46185 | E64: Oui | F64: =IF(E64="Oui",Paramètres!$C$4,0) -> 1000 | G64: =IF(B64="","",SUMIF(Paiements!$B$3:$B$506,B64,Paiements!$C$3:$C$506)) -> 0 | H64: =IF(B64="","",IF(G64>=Paramètres!$C$5,"À déclarer","—")) -> —
A65: =IF(B65="","",ROW()-2) -> 63 | B65: NGONG CALISTA | D65: 46185 | E65: Oui | F65: =IF(E65="Oui",Paramètres!$C$4,0) -> 1000 | G65: =IF(B65="","",SUMIF(Paiements!$B$3:$B$506,B65,Paiements!$C$3:$C$506)) -> 0 | H65: =IF(B65="","",IF(G65>=Paramètres!$C$5,"À déclarer","—")) -> —
A66: =IF(B66="","",ROW()-2) -> 64 | B66: NGOUNTOU TCHINDA | D66: 46185 | E66: Oui | F66: =IF(E66="Oui",Paramètres!$C$4,0) -> 1000 | G66: =IF(B66="","",SUMIF(Paiements!$B$3:$B$506,B66,Paiements!$C$3:$C$506)) -> 0 | H66: =IF(B66="","",IF(G66>=Paramètres!$C$5,"À déclarer","—")) -> — | K66: F
A67: =IF(B67="","",ROW()-2) -> 65 | B67: DONTCHEG PATRICK | D67: 46188 | E67: Oui | F67: =IF(E67="Oui",Paramètres!$C$4,0) -> 1000 | G67: =IF(B67="","",SUMIF(Paiements!$B$3:$B$506,B67,Paiements!$C$3:$C$506)) -> 0 | H67: =IF(B67="","",IF(G67>=Paramètres!$C$5,"À déclarer","—")) -> —
A68: =IF(B68="","",ROW()-2) -> 66 | B68: DJIMENE YEMETIO | C68: 699257063 | D68: 46188 | E68: Oui | F68: =IF(E68="Oui",Paramètres!$C$4,0) -> 1000 | G68: =IF(B68="","",SUMIF(Paiements!$B$3:$B$506,B68,Paiements!$C$3:$C$506)) -> 5000 | H68: =IF(B68="","",IF(G68>=Paramètres!$C$5,"À déclarer","—")) -> —
A69: =IF(B69="","",ROW()-2) -> 67 | B69: MO´O NDONGO | D69: 46188 | E69: Oui | F69: =IF(E69="Oui",Paramètres!$C$4,0) -> 1000 | G69: =IF(B69="","",SUMIF(Paiements!$B$3:$B$506,B69,Paiements!$C$3:$C$506)) -> 0 | H69: =IF(B69="","",IF(G69>=Paramètres!$C$5,"À déclarer","—")) -> —
A70: =IF(B70="","",ROW()-2) -> 68 | B70: ABITINA BARNABE | D70: 46188 | E70: Oui | F70: =IF(E70="Oui",Paramètres!$C$4,0) -> 1000 | G70: =IF(B70="","",SUMIF(Paiements!$B$3:$B$506,B70,Paiements!$C$3:$C$506)) -> 0 | H70: =IF(B70="","",IF(G70>=Paramètres!$C$5,"À déclarer","—")) -> —
A71: 69 | B71: DOMPNOU GERILAIN | D71: 46188 | E71: Oui | F71: =IF(E71="Oui",Paramètres!$C$4,0) -> 1000 | G71: =IF(B71="","",SUMIF(Paiements!$B$3:$B$506,B71,Paiements!$C$3:$C$506)) -> 0 | H71: =IF(B71="","",IF(G71>=Paramètres!$C$5,"À déclarer","—")) -> —
A72: =IF(B72="","",ROW()-2) -> 70 | B72: MOHAMADOU AMIDOU | D72: 46188 | E72: Oui | F72: =IF(E72="Oui",Paramètres!$C$4,0) -> 1000 | G72: =IF(B72="","",SUMIF(Paiements!$B$3:$B$506,B72,Paiements!$C$3:$C$506)) -> 0 | H72: =IF(B72="","",IF(G72>=Paramètres!$C$5,"À déclarer","—")) -> —
A73: =IF(B73="","",ROW()-2) -> 71 | B73: SALI ABASOULAYE | C73: 687266829 | D73: 46188 | E73: Oui | F73: =IF(E73="Oui",Paramètres!$C$4,0) -> 1000 | G73: =IF(B73="","",SUMIF(Paiements!$B$3:$B$506,B73,Paiements!$C$3:$C$506)) -> 0 | H73: =IF(B73="","",IF(G73>=Paramètres!$C$5,"À déclarer","—")) -> —
A74: =IF(B74="","",ROW()-2) -> 72 | B74: VOUGMO SEVERIN | D74: 46188 | E74: Oui | F74: =IF(E74="Oui",Paramètres!$C$4,0) -> 1000 | G74: =IF(B74="","",SUMIF(Paiements!$B$3:$B$506,B74,Paiements!$C$3:$C$506)) -> 0 | H74: =IF(B74="","",IF(G74>=Paramètres!$C$5,"À déclarer","—")) -> — | K74: F
A75: 73 | B75: ONANA LOUIS | D75: 46191 | E75: Oui | F75: =IF(E75="Oui",Paramètres!$C$4,0) -> 1000 | G75: =IF(B75="","",SUMIF(Paiements!$B$3:$B$506,B75,Paiements!$C$3:$C$506)) -> 0 | H75: =IF(B75="","",IF(G75>=Paramètres!$C$5,"À déclarer","—")) -> —
A76: 74 | B76: NANGA BOM MURIELLE | D76: 46191 | E76: Oui | F76: =IF(E76="Oui",Paramètres!$C$4,0) -> 1000 | G76: =IF(B76="","",SUMIF(Paiements!$B$3:$B$506,B76,Paiements!$C$3:$C$506)) -> 0 | H76: =IF(B76="","",IF(G76>=Paramètres!$C$5,"À déclarer","—")) -> —
A77: =IF(B77="","",ROW()-2) -> 75 | B77: PROMBO JULLY | D77: 148/06/2026 | E77: Oui | F77: =IF(E77="Oui",Paramètres!$C$4,0) -> 1000 | G77: =IF(B77="","",SUMIF(Paiements!$B$3:$B$506,B77,Paiements!$C$3:$C$506)) -> 0 | H77: =IF(B77="","",IF(G77>=Paramètres!$C$5,"À déclarer","—")) -> —
A78: =IF(B78="","",ROW()-2) -> 76 | B78: KAMTO DJOKO LEGER | D78: 46191 | E78: Oui | F78: =IF(E78="Oui",Paramètres!$C$4,0) -> 1000 | G78: =IF(B78="","",SUMIF(Paiements!$B$3:$B$506,B78,Paiements!$C$3:$C$506)) -> 0 | H78: =IF(B78="","",IF(G78>=Paramètres!$C$5,"À déclarer","—")) -> —
A79: =IF(B79="","",ROW()-2) -> 77 | B79: MVILINGO HUBERT | D79: 46191 | E79: Oui | F79: =IF(E79="Oui",Paramètres!$C$4,0) -> 1000 | G79: =IF(B79="","",SUMIF(Paiements!$B$3:$B$506,B79,Paiements!$C$3:$C$506)) -> 0 | H79: =IF(B79="","",IF(G79>=Paramètres!$C$5,"À déclarer","—")) -> —
A80: =IF(B80="","",ROW()-2) -> 78 | B80: BOUM JEAN LUC | D80: 46191 | E80: Oui | F80: =IF(E80="Oui",Paramètres!$C$4,0) -> 1000 | G80: =IF(B80="","",SUMIF(Paiements!$B$3:$B$506,B80,Paiements!$C$3:$C$506)) -> 0 | H80: =IF(B80="","",IF(G80>=Paramètres!$C$5,"À déclarer","—")) -> —
A81: =IF(B81="","",ROW()-2) -> 79 | B81: KOUNYANG MATHIEU | D81: 46191 | E81: Oui | F81: =IF(E81="Oui",Paramètres!$C$4,0) -> 1000 | G81: =IF(B81="","",SUMIF(Paiements!$B$3:$B$506,B81,Paiements!$C$3:$C$506)) -> 0 | H81: =IF(B81="","",IF(G81>=Paramètres!$C$5,"À déclarer","—")) -> —
A82: =IF(B82="","",ROW()-2) -> 80 | B82: TACHIEGOUM JOSEPH | D82: 46191 | E82: Oui | F82: =IF(E82="Oui",Paramètres!$C$4,0) -> 1000 | G82: =IF(B82="","",SUMIF(Paiements!$B$3:$B$506,B82,Paiements!$C$3:$C$506)) -> 0 | H82: =IF(B82="","",IF(G82>=Paramètres!$C$5,"À déclarer","—")) -> —
A83: =IF(B83="","",ROW()-2) -> 81 | B83: TCHOFFO KAMTA JEAN OSCAR | D83: 46191 | E83: Oui | F83: =IF(E83="Oui",Paramètres!$C$4,0) -> 1000 | G83: =IF(B83="","",SUMIF(Paiements!$B$3:$B$506,B83,Paiements!$C$3:$C$506)) -> 0 | H83: =IF(B83="","",IF(G83>=Paramètres!$C$5,"À déclarer","—")) -> —
A84: =IF(B84="","",ROW()-2) -> 82 | B84: ESSAMA MBARGA | D84: 46192 | E84: Oui | F84: =IF(E84="Oui",Paramètres!$C$4,0) -> 1000 | G84: =IF(B84="","",SUMIF(Paiements!$B$3:$B$506,B84,Paiements!$C$3:$C$506)) -> 0 | H84: =IF(B84="","",IF(G84>=Paramètres!$C$5,"À déclarer","—")) -> —
A85: =IF(B85="","",ROW()-2) -> 83 | B85: SARLAM FELICITE | D85: 46192 | E85: Oui | F85: =IF(E85="Oui",Paramètres!$C$4,0) -> 1000 | G85: =IF(B85="","",SUMIF(Paiements!$B$3:$B$506,B85,Paiements!$C$3:$C$506)) -> 0 | H85: =IF(B85="","",IF(G85>=Paramètres!$C$5,"À déclarer","—")) -> —
A86: =IF(B86="","",ROW()-2) -> 84 | B86: NJI MFIRE NJIMESSA | D86: 46192 | E86: Oui | F86: =IF(E86="Oui",Paramètres!$C$4,0) -> 1000 | G86: =IF(B86="","",SUMIF(Paiements!$B$3:$B$506,B86,Paiements!$C$3:$C$506)) -> 0 | H86: =IF(B86="","",IF(G86>=Paramètres!$C$5,"À déclarer","—")) -> —
A87: =IF(B87="","",ROW()-2) -> 85 | B87: KEDI STEPHANIE | D87: 46192 | E87: Oui | F87: =IF(E87="Oui",Paramètres!$C$4,0) -> 1000 | G87: =IF(B87="","",SUMIF(Paiements!$B$3:$B$506,B87,Paiements!$C$3:$C$506)) -> 0 | H87: =IF(B87="","",IF(G87>=Paramètres!$C$5,"À déclarer","—")) -> —
A88: =IF(B88="","",ROW()-2) -> 86 | B88: YEMENDA VANESSA | D88: 46192 | E88: Oui | F88: =IF(E88="Oui",Paramètres!$C$4,0) -> 1000 | G88: =IF(B88="","",SUMIF(Paiements!$B$3:$B$506,B88,Paiements!$C$3:$C$506)) -> 0 | H88: =IF(B88="","",IF(G88>=Paramètres!$C$5,"À déclarer","—")) -> —
A89: =IF(B89="","",ROW()-2) -> 87 | B89: MDISUFAH MESES NDUEH | D89: 46192 | E89: Oui | F89: =IF(E89="Oui",Paramètres!$C$4,0) -> 1000 | G89: =IF(B89="","",SUMIF(Paiements!$B$3:$B$506,B89,Paiements!$C$3:$C$506)) -> 0 | H89: =IF(B89="","",IF(G89>=Paramètres!$C$5,"À déclarer","—")) -> —
A90: =IF(B90="","",ROW()-2) -> 88 | B90: MABACOU SOLANGE | D90: 46192 | E90: Oui | F90: =IF(E90="Oui",Paramètres!$C$4,0) -> 1000 | G90: =IF(B90="","",SUMIF(Paiements!$B$3:$B$506,B90,Paiements!$C$3:$C$506)) -> 60000 | H90: =IF(B90="","",IF(G90>=Paramètres!$C$5,"À déclarer","—")) -> À déclarer | I90: 46231
A91: =IF(B91="","",ROW()-2) -> 89 | B91: ISMAEL | D91: 46195 | E91: Oui | F91: =IF(E91="Oui",Paramètres!$C$4,0) -> 1000 | G91: =IF(B91="","",SUMIF(Paiements!$B$3:$B$506,B91,Paiements!$C$3:$C$506)) -> 0 | H91: =IF(B91="","",IF(G91>=Paramètres!$C$5,"À déclarer","—")) -> —
A92: 90 | B92: MBOLE CLEMENTINE | D92: 46195 | E92: Oui | F92: =IF(E92="Oui",Paramètres!$C$4,0) -> 1000 | G92: =IF(B92="","",SUMIF(Paiements!$B$3:$B$506,B92,Paiements!$C$3:$C$506)) -> 1000 | H92: =IF(B92="","",IF(G92>=Paramètres!$C$5,"À déclarer","—")) -> —
A93: =IF(B93="","",ROW()-2) -> 91 | B93: FOUMANE YANNICK | D93: 46196 | E93: Oui | F93: =IF(E93="Oui",Paramètres!$C$4,0) -> 1000 | G93: =IF(B93="","",SUMIF(Paiements!$B$3:$B$506,B93,Paiements!$C$3:$C$506)) -> 0 | H93: =IF(B93="","",IF(G93>=Paramètres!$C$5,"À déclarer","—")) -> —
A94: =IF(B94="","",ROW()-2) -> 92 | B94: MOSSO GUILANG | D94: 46196 | E94: Oui | F94: =IF(E94="Oui",Paramètres!$C$4,0) -> 1000 | G94: =IF(B94="","",SUMIF(Paiements!$B$3:$B$506,B94,Paiements!$C$3:$C$506)) -> 0 | H94: =IF(B94="","",IF(G94>=Paramètres!$C$5,"À déclarer","—")) -> —
A95: =IF(B95="","",ROW()-2) -> 93 | B95: NGOUMOUCHRISTINE | D95: 46196 | E95: Oui | F95: =IF(E95="Oui",Paramètres!$C$4,0) -> 1000 | G95: =IF(B95="","",SUMIF(Paiements!$B$3:$B$506,B95,Paiements!$C$3:$C$506)) -> 0 | H95: =IF(B95="","",IF(G95>=Paramètres!$C$5,"À déclarer","—")) -> —
A96: =IF(B96="","",ROW()-2) -> 94 | B96: JANETTE | D96: 46196 | E96: Oui | F96: =IF(E96="Oui",Paramètres!$C$4,0) -> 1000 | G96: =IF(B96="","",SUMIF(Paiements!$B$3:$B$506,B96,Paiements!$C$3:$C$506)) -> 0 | H96: =IF(B96="","",IF(G96>=Paramètres!$C$5,"À déclarer","—")) -> —
A97: =IF(B97="","",ROW()-2) -> 95 | B97: KADJINANDAB ERIC | D97: 46197 | E97: Oui | F97: =IF(E97="Oui",Paramètres!$C$4,0) -> 1000 | G97: =IF(B97="","",SUMIF(Paiements!$B$3:$B$506,B97,Paiements!$C$3:$C$506)) -> 0 | H97: =IF(B97="","",IF(G97>=Paramètres!$C$5,"À déclarer","—")) -> —
A98: =IF(B98="","",ROW()-2) -> 96 | B98: ARETOUMAP DENIS | D98: 46197 | E98: Oui | F98: =IF(E98="Oui",Paramètres!$C$4,0) -> 1000 | G98: =IF(B98="","",SUMIF(Paiements!$B$3:$B$506,B98,Paiements!$C$3:$C$506)) -> 0 | H98: =IF(B98="","",IF(G98>=Paramètres!$C$5,"À déclarer","—")) -> —
A99: =IF(B99="","",ROW()-2) -> 97 | B99: DJIODJO BOULA | D99: 46197 | E99: Oui | F99: =IF(E99="Oui",Paramètres!$C$4,0) -> 1000 | G99: =IF(B99="","",SUMIF(Paiements!$B$3:$B$506,B99,Paiements!$C$3:$C$506)) -> 0 | H99: =IF(B99="","",IF(G99>=Paramètres!$C$5,"À déclarer","—")) -> —
A100: =IF(B100="","",ROW()-2) -> 98 | B100: NANTCHOUANG | D100: 46197 | E100: Oui | F100: =IF(E100="Oui",Paramètres!$C$4,0) -> 1000 | G100: =IF(B100="","",SUMIF(Paiements!$B$3:$B$506,B100,Paiements!$C$3:$C$506)) -> 0 | H100: =IF(B100="","",IF(G100>=Paramètres!$C$5,"À déclarer","—")) -> —
...

Sheet Paiements
A1: PAIEMENTS DE COTISATIONS — JOURNAL DES VERSEMENTS
A2: Date | B2: Nom de l'adhérent | C2: Montant versé | D2: Mode de paiement | E2: Observations
A3: 24/07/2026 | B3: NCHARE ISSOFA | C3: 9900 | D3: Non précisé | E3: Cumul repris du rapport financier du 24/07/2026
A4: 24/07/2026 | B4: SOUAÏBOU OUSMAILA | C4: 24800 | D4: Non précisé | E4: Cumul repris du rapport financier du 24/07/2026
A5: 24/07/2026 | B5: YOUGOUTA | C5: 4900 | D5: Non précisé | E5: Cumul repris du rapport financier du 24/07/2026
A6: 24/07/2026 | B6: KUETCHE | C6: 54000 | D6: Non précisé | E6: Cumul repris du rapport financier du 24/07/2026
A7: 24/07/2026 | B7: BOUBA YOUNOUSSA | C7: 17700 | D7: Non précisé | E7: Cumul repris du rapport financier du 24/07/2026
A8: 24/07/2026 | B8: KAMENI DENGA | C8: 9100 | D8: Non précisé | E8: Cumul repris du rapport financier du 24/07/2026
A9: 24/07/2026 | B9: MOHAMED MAMOUDOU | C9: 28000 | D9: Non précisé | E9: Cumul repris du rapport financier du 24/07/2026
A10: 24/07/2026 | B10: DEZO TELIABOU | C10: 4900 | D10: Non précisé | E10: Cumul repris du rapport financier du 24/07/2026
A11: 24/07/2026 | B11: GONDJI MAMADOU | C11: 1000 | D11: Non précisé | E11: Cumul repris du rapport financier du 24/07/2026
A12: 24/07/2026 | B12: CHO RUBEN | C12: 6000 | D12: Non précisé | E12: Cumul repris du rapport financier du 24/07/2026
A13: 24/07/2026 | B13: BIKIE MARGUERITE | C13: 4000 | D13: Non précisé | E13: Cumul repris du rapport financier du 24/07/2026
A14: 24/07/2026 | B14: MBOLE CLEMENTINE | C14: 1000 | D14: Non précisé | E14: Cumul repris du rapport financier du 24/07/2026
... A40: 24/07/2026 | B40: MEKOUI NKODO MIREILLE | C40: 8000 | D40: Non précisé | E40: Cumul repris du rapport financier du 24/07/2026
A41: 46227 | B41: DONSA NELSON | C41: 3500 | D41: Orange Money
A42: 24/07/2026 | B42: YAKANA | C42: 1000 | D42: Non précisé | E42: Cumul repris du rapport financier du 24/07/2026
A43: 24/07/2027 | B43: CHO RUBEN | C43: 1000 | D43: Orange Money
A44: 46228 | B44: TINA TONTON AUGUSTE | C44: 3000 | D44: Orange Money
A45: 46229 | B45: YAKANA | C45: 4000 | D45: Orange Money | E45: Pour regularisation par RAF
A46: 46230 | B46: TOUKSI TSEME LEOPOLD | C46: 5000 | D46: Orange Money
A47: 46230 | B47: NOMO JACQUES | C47: 1000 | D47: Espèces
A48: 46232 | B48: NOMO JACQUES | C48: 6000 | D48: Espèces
A49: 46232 | B49: NGONDI BRIGITTE | C49: 1000 | D49: Espèces
A50: 46232 | B50: TINA TONTON AUGUSTE | C50: 4000 | D50: Orange Money
A51: 46232 | B51: ONDOA NGONDI | C51: 1000 | D51: Espèces
A52: 46232 | B52: MONABANG | C52: 4000 | D52: Espèces
A53: 46232 | B53: AMOUGOU NKOLO | C53: 15000 | D53: Espèces
A54: 46232 | B54: MEKOUI NKODO MIREILLE | C54: 7000 | D54: Orange Money
A55: 46232 | B55: YAKANA | C55: 2000 | D55: Orange Money | E55: POUR REGULARISATION DE 1000
A56: 46232 | B56: BEFOLO RAISSA | C56: 15000 | D56: Espèces
A57: 46232 | B57: BEYALA ONDOA | C57: 16000 | D57: Espèces
A58: 46233 | B58: MOHAMED MAMOUDOU | C58: 2000 | D58: Orange Money
A59: 46233 | B59: NGON MBASSA | C59: 5000 | D59: Espèces
A60: 46233 | B60: MABACOU SOLANGE | C60: 30000 | D60: Espèces
A61: 46233 | B61: LEGNYUY MONTONG | C61: 8000 | D61: Espèces
A62: 46234 | B62: YAKANA | C62: 1000 | D62: Orange Money
A63: 46234 | B63: KAMENI DENGA | C63: 4900 | D63: Orange Money
A64: 46234 | B64: BEFOLO RAISSA | C64: 5000 | D64: Espèces
A65: 46235 | B65: SIPOWA CYRIEN | C65: 5000 | D65: Orange Money
A66: 46235 | B66: EKOUNDA MARIE | C66: 2000 | D66: Orange Money
A67: 46235 | B67: YAKANA | C67: 1000 | D67: Orange Money
... A77: 46237 | B77: MAMIAFO CLEMENCE | C77: 5000 | D77: Orange Money
A78: 46237 | B78: MAMIAFO CLEMENCE | C78: 15000 | D78: Orange Money | E78: REG
A79: 46237 | B79: MAMIAFO CLEMENCE | C79: 6000 | D79: Orange Money | E79: REG
A80: 46238 | B80: EKOUNDA MARIE | C80: 1000 | D80: Orange Money
A81: 46238 | B81: BEYALA ONDOA | C81: 5000 | D81: Espèces
A82: 46238 | B82: KUETCHE | C82: 11000 | D82: Espèces
A83: 46238 | B83: LEGNYUY MONTONG | C83: 2000 | D83: Espèces
A84: 46238 | B84: MINKONGO MINKONGO | C84: 1000 | D84: Espèces
A85: 46238 | B85: MOHAMED MAMOUDOU | C85: 2000 | D85: Espèces
A86: 46238 | B86: KENGNE MAGLOIRE | C86: 1000 | D86: Espèces
A87: 46238 | B87: NCHARE ISSOFA | C87: 11100 | D87: Espèces
A88: 46238 | B88: SOUAÏBOU OUSMAILA | C88: 4900 | D88: Espèces
A89: 46242 | B89: MOHAMED MAMOUDOU | C89: 2000 | D89: Espèces
A90: 46238 | B90: EDONZONG ROMUALD | C90: 1000 | D90: Espèces
A91: 46238 | B91: TEUNYA MBATKAM | C91: 5000 | D91: Espèces
... A102: 46239 | B102: MANDJACK JOSEPH | C102: 21000 | D102: Espèces
A103: 46239 | B103: DJOUKAM MANUELA | C103: 2000 | D103: Espèces | G103: =SUM(C96:C181) -> 425700
A104: 46240 | B104: MONABANG | C104: 10000 | D104: Espèces
A105: 46240 | B105: TINA TONTON AUGUSTE | C105: 7000 | D105: Orange Money
A106: 46240 | B106: YAKANA | C106: 3000 | D106: Orange Money
A107: 46240 | B107: HALIMA CATHERINE | C107: 3000 | D107: Espèces
A108: 46240 | B108: ZANG ZANG LUC | C108: 2000 | D108: Espèces
A109: 46240 | B109: DONSA NELSON | C109: 3500 | D109: Orange Money
A110: 46240 | B110: NOMO JACQUES | C110: 2000 | D110: Orange Money
A111: 46241 | B111: YAKANA | C111: 2000 | D111: Espèces
A112: 46241 | B112: TINA TONTON AUGUSTE | C112: 4000 | D112: Orange Money
A113: 46241 | B113: KAMENI DENGA | C113: 2100 | D113: Orange Money
A114: 46241 | B114: MBARGA JOSEPH | C114: 7000 | D114: Espèces
A115: 46241 | B115: NOMO JACQUES | C115: 2000 | D115: Espèces
... A185: 46261 | B185: MONABANG | C185: 10000 | D185: Especes
A186: 46261 | B186: KAMTE JOEL LOIC | C186: 5000 | D186: Orange Money | G186: =SUM(C3:C200) -> 1171900
A187: 46261 | B187: GONDJI MAMADOU | C187: 5000 | D187: Especes
A188: 46263 | B188: TINA TONTON AUGUSTE | C188: 10000 | D188: Orange Money
A189: 46264 | B189: YAKANA | C189: 3000 | D189: Orange Money
A190: 46264 | B190: BEFOLO RAISSA | C190: 10000 | D190: Especes
A191: 46264 | B191: ASSOMO MARIE | C191: 0 | D191: Especes | E191: Inscription plutôt
A192: 46264 | B192: LEGNYUY MONTONG | C192: 2000 | D192: Especes
A193: 46264 | B193: HALIMA CATHERINE | C193: 2000 | D193: Especes
A194: 46264 | B194: ZANG ZANG LUC | C194: 1000 | D194: Especes
A195: 46264 | B195: BEFOLO RAISSA | C195: 10000 | D195: Especes
A196: 46266 | B196: KAMENI DENGA | C196: 2000 | D196: Orange Money
A197: 46266 | B197: TOUKSI TSEME LEOPOLD | C197: 7000 | D197: Orange Money
A198: 46266 | B198: YOUNKSI ALICE | C198: 3000 | D198: Especes
A199: 46266 | B199: KUETCHE | C199: 11000 | D199: Orange Money
A200: 46266 | B200: CHO RUBEN | C200: 5000 | D200: Especes
A201: 46268 | B201: NGONDI BRIGITTE | C201: 1000 | D201: Espèces
A202: 46268 | B202: LEGNYUY MONTONG | C202: 5000 | D202: Espèces | E202: regularisation du 11
A203: 46268 | B203: ZANG ZANG LUC | C203: 2000 | D203: Espèces | E203: regularisation du 11
A204: 46268 | B204: HALIMA CATHERINE | C204: 1000 | D204: Espèces | E204: regularisation du 11
A205: 46268 | B205: MATEKEM TAKAM | C205: 2100 | D205: Espèces | E205: regularisation du 11
A206: 46268 | B206: SOUAÏBOU OUSMAILA | C206: 4900 | D206: Espèces
A207: 46269 | B207: DONSA NELSON | C207: 3500 | D207: Espèces
A208: 46269 | B208: CHIOGO DJOUMESSI | C208: 2000 | D208: Espèces
A209: 46269 | B209: ZANG ZANG LUC | C209: 1000 | D209: Espèces
A210: 46269 | B210: HALIMA CATHERINE | C210: 2000 | D210: Espèces
A211: 46269 | B211: YAKANA | C211: 3000 | D211: MTN
A212: 46269 | B212: LEGNYUY MONTONG | C212: 2000 | D212: Espèces | E212: Espèces
A213: 46272 | B213: BEFOLO RAISSA | C213: 5000 | D213: Espèces
...

Sheet Mode d'emploi
B2: MODE D'EMPLOI
B4: Structure du classeur
B5: • "Adhérents" — un adhérent par ligne : identité, inscription, et cotisation cumulée calculée automatiquement.
B7: • "Paiements" — un versement de cotisation par ligne. Un même adhérent peut apparaître sur plusieurs lignes (plusieurs paiements dans le temps).
B9: • "Tableau de bord" — indicateurs calculés automatiquement à partir des deux feuilles ci-dessus.
B11: • "Paramètres" — montant d'inscription et seuil CNPS, modifiables en un seul endroit.
B13: Ajouter un adhérent — Dans "Adhérents", allez à la première ligne vide et saisissez son nom (colonne B). Les colonnes N°, Montant inscription, Cotisation cumulée et Statut CNPS se calculent seules. Complétez éventuellement le contact, la date d'inscription et "Inscription payée" (Oui/Non).
B15: Supprimer un adhérent — Sélectionnez sa ligne dans "Adhérents" (clic droit sur le numéro de ligne) puis "Supprimer". Pensez à supprimer aussi ses lignes correspondantes dans "Paiements" si vous ne voulez plus les compter.
B17: Ajouter / mettre à jour une cotisation — Dans "Paiements", ajoutez une nouvelle ligne : Date, Nom (liste déroulante reliée à "Adhérents"), Montant, Mode de paiement. La cotisation cumulée de l'adhérent se met à jour automatiquement dans "Adhérents".
B19: Corriger une cotisation — Modifiez simplement le montant sur la ligne concernée dans "Paiements".
B21: Supprimer une cotisation — Supprimez la ligne correspondante dans "Paiements".
B23: Suivi CNPS — La colonne "Statut CNPS" de "Adhérents" passe automatiquement à "À déclarer" (ligne surlignée en rouge) dès que le cumul de cotisation d'un adhérent atteint le seuil défini dans "Paramètres".
B25: Remarque sur les données initiales — Les 39 adhérents nommés reprennent l'état détaillé du rapport financier du 24/07/2026. Les 109 lignes "Adhérent à compléter n°..." représentent les autres adhérents déjà enregistrés (148 au total) dont le détail nominatif n'avait pas encore été transmis : remplacez ces libellés par les vrais noms au fur et à mesure de leur réception.
